batch_size,hidden_dim,dropout,lr,weight_decay,mean_best_f1,,num_epochs
32,64,0.5,0.0005,0.0001,0.796035458,,50
32,256,0.5,0.01,0.0001,0.699223237,,
64,256,0.5,0.0005,0,0.874218192,,
64,64,0.3,0.001,0.0001,0.808212566,,
16,256,0.5,0.01,1.00E-05,0.689391381,,
64,256,0.7,0.01,0,0.71819171,,
64,64,0.3,0.01,0.0001,0.725422968,,
64,128,0.5,0.001,0,0.840663131,,
16,128,0.5,0.001,0.0001,0.797299594,,
64,128,0.5,0.001,0.0001,0.825234755,,
